{"I2T_calib": {"_type": "image-file", "sha256": "3e07404e93550847a7c4d396a7f044012c11986a61426a1d2723cd87c829aeb0", "size": 53012, "path": "media/images/I2T_calib_0_3e07404e93550847a7c4.png", "format": "png", "width": 600, "height": 600}, "_timestamp": 1672972083.746182, "_runtime": 345.92074489593506, "_step": 8, "I2T_ECE": 310.541271468997, "T2I_calib": {"_type": "image-file", "sha256": "9bf7228ec7d60cc457eb6d8555120c863c33d056e590e536f0b71ff72d1e0e38", "size": 53389, "path": "media/images/T2I_calib_2_9bf7228ec7d60cc457eb.png", "format": "png", "width": 600, "height": 600}, "T2I_ECE": 336.4990702360868, "text_sims_avg": 0.5080128312110901, "imag_sims_avg": 0.4678124189376831, "pair_sims_avg": 0.3029637336730957, "neg_sims_avg": 0.1500815749168396, "sims_ratio": 2.018660306930542}